{
"valid_actions" : "111",
"counts" : [3, 3, 4],
"policy_target" : [3, 3, 4],
"policy_prior" : [0.333333, 0.333333, 0.333333],
"Q" : [0.0397343, 0.0397343, 0.0298007],
"Q_sq" : [0.00473644, 0.00473644, 0.00355233],
"action_values" : [0.119203, 0.880797, 0.119203, 0.880797, 0.119203, 0.880797],
"win_rates" : [0.0779644, 0.922035],
"value_prior" : [0.5, 0.5],
"action_symmetry_table" : [
  [2],
  [1],
  [0]
],
"trivial" : false,
"provably_lost" : true
}