{
"valid_actions" : "111",
"counts" : [5, 3, 2],
"policy_target" : [5, 3, 2],
"policy_prior" : [0.333333, 0.333333, 0.333333],
"Q" : [0.3, 0.333333, 0.25],
"Q_sq" : [0.15, 0.166667, 0.125],
"action_values" : [0.5, 0.5, 0.5, 0.5, 0.5, 0.5],
"win_rates" : [0.318182, 0.681818],
"value_prior" : [0.5, 0.5],
"action_symmetry_table" : [
  [2],
  [1],
  [0]
],
"trivial" : false,
"provably_lost" : true
}