{
"valid_actions" : "111",
"counts" : [9, 8, 83],
"policy_target" : [9, 8, 83],
"policy_prior" : [0.333333, 0.333333, 0.333333],
"Q" : [0.35, 0.243333, 0.521104],
"Q_sq" : [0.175, 0.121667, 0.510552],
"action_values" : [0.5, 0.5, 0.5, 0.5, 0.5, 0.5],
"win_rates" : [0.483646, 0.516354],
"value_prior" : [0.5, 0.5],
"action_symmetry_table" : [
  [2],
  [1],
  [0]
],
"trivial" : false,
"provably_lost" : false
}