{
"valid_actions" : "000101101",
"counts" : [0, 0, 0, 13, 0, 14, 6, 0, 7],
"policy_target" : [0, 0, 0, 13, 0, 14, 6, 0, 7],
"policy_prior" : [0, 0, 0, 0.25, 0, 0.25, 0.25, 0, 0.25],
"Q" : [0, 0, 0, 0.535714, 0, 0.535714, 0.464286, 0, 0.464286],
"Q_sq" : [0, 0, 0, 0.339286, 0, 0.339286, 0.232143, 0, 0.232143],
"action_values" : [0, 0, 0, 0, 0, 0, 0.5, 0.5, 0, 0, 0.5, 0.5, 0.5, 0.5, 0, 0, 0.5, 0.5],
"win_rates" : [0.487805, 0.512195],
"value_prior" : [0.333333, 0.333333, 0.333333],
"action_symmetry_table" : [
  [6, 8],
  [3, 5]
],
"trivial" : false,
"provably_lost" : false
}