{
"valid_actions" : "111",
"policy_target" : [3, 3, 4],
"P" : [0.333333, 0.333333, 0.333333],
"Q" : [0.0779644, 0.922035],
"R" : [0.5, 0.5],
"action_symmetry_table" : [
  [2],
  [1],
  [0]
],
"action_mode" : 0,
"trivial" : false,
"counts" : [3, 3, 4],
"AQs" : [0.0397343, 0.0397343, 0.0298007],
"AQs_sq" : [0.00473644, 0.00473644, 0.00355233],
"AV" : [0.119203, 0.880797, 0.119203, 0.880797, 0.119203, 0.880797],
"provably_lost" : true
}