{
"valid_actions" : "111",
"policy_target" : [4, 0, 0],
"P" : [0.333333, 0.333333, 0.333333],
"Q" : [0.489163, 0.510837],
"R" : [0.5, 0.5],
"action_symmetry_table" : [
  [2],
  [1],
  [0]
],
"action_mode" : 0,
"trivial" : false,
"provably_lost" : false,
"counts" : [4, 0, 0],
"AQs" : [0.5, 0, 0],
"AQs_sq" : [0.421255, 0, 0],
"AV" : [0.880797, 0.119203, 0.880797, 0.119203, 0.880797, 0.119203]
}