{
"AQs" : [0.190883, 0.0930808, 0],
"AQs_sq" : [0.111111, 0.0595866, 0],
"AV" : [0.5, 0.5, 0.5, 0.5, 0.5, 0.5],
"P" : [0.333333, 0.333333, 0.333333],
"Q" : [0.825484, 0.174516],
"R" : [0.5, 0.5],
"action_mode" : 0,
"action_symmetry_table" : [
  [2],
  [1],
  [0]
],
"counts" : [77, 14, 0],
"policy_target" : [77, 14, 0],
"provably_lost" : false,
"trivial" : false,
"valid_actions" : "111"
}