{
"valid_actions" : "111",
"policy_target" : [9, 8, 83],
"P" : [0.333333, 0.333333, 0.333333],
"Q" : [0.483646, 0.516354],
"R" : [0.5, 0.5],
"action_symmetry_table" : [
  [2],
  [1],
  [0]
],
"action_mode" : 0,
"trivial" : false,
"counts" : [9, 8, 83],
"AQs" : [0.35, 0.243333, 0.521104],
"AQs_sq" : [0.175, 0.121667, 0.510552],
"AV" : [0.5, 0.5, 0.5, 0.5, 0.5, 0.5],
"provably_lost" : false
}