{
"valid_actions" : "111",
"counts" : [5, 16, 79],
"policy_target" : [5, 16, 79],
"policy_prior" : [0.333333, 0.333333, 0.333333],
"Q" : [0.5, 0.596667, 0.804762],
"Q_sq" : [0.25, 0.548333, 0.802381],
"action_values" : [0.5, 0.5, 0.5, 0.5, 0.5, 0.5],
"win_rates" : [0.753692, 0.246308],
"value_prior" : [0.5, 0.5],
"action_symmetry_table" : [
  [2],
  [1],
  [0]
],
"trivial" : false,
"provably_lost" : false
}