{
"valid_actions" : "000101101",
"counts" : [0, 0, 0, 6, 0, 6, 4, 0, 4],
"policy_target" : [0, 0, 0, 6, 0, 6, 4, 0, 4],
"policy_prior" : [0, 0, 0, 0.25, 0, 0.25, 0.25, 0, 0.25],
"Q" : [0, 0, 0, 0.666667, 0, 0.666667, 0.5, 0, 0.5],
"Q_sq" : [0, 0, 0, 0.5, 0, 0.5, 0.25, 0, 0.25],
"action_values" : [0, 0, 0, 0, 0, 0, 0.5, 0.5, 0, 0, 0.5, 0.5, 0.5, 0.5, 0, 0, 0.5, 0.5],
"win_rates" : [0.404762, 0.595238],
"value_prior" : [0.333333, 0.333333, 0.333333],
"action_symmetry_table" : [
  [6, 8],
  [3, 5]
],
"trivial" : false,
"provably_lost" : false
}