{
"valid_actions" : "000101101",
"policy_target" : [0, 0, 0, 6, 0, 6, 4, 0, 4],
"P" : [0, 0, 0, 0.25, 0, 0.25, 0.25, 0, 0.25],
"Q" : [0.404762, 0.595238],
"R" : [0.333333, 0.333333, 0.333333],
"action_symmetry_table" : [
  [6, 8],
  [3, 5]
],
"action_mode" : 0,
"trivial" : false,
"provably_lost" : false,
"counts" : [0, 0, 0, 6, 0, 6, 4, 0, 4],
"AQs" : [0, 0, 0, 0.666667, 0, 0.666667, 0.5, 0, 0.5],
"AQs_sq" : [0, 0, 0, 0.5, 0, 0.5, 0.25, 0, 0.25],
"AV" : [0, 0, 0, 0, 0, 0, 0.5, 0.5, 0, 0, 0.5, 0.5, 0.5, 0.5, 0, 0, 0.5, 0.5]
}