{
"valid_actions" : "000101101",
"policy_target" : [0, 0, 0, 6, 0, 6, 4, 0, 4],
"P" : [0, 0, 0, 0.25, 0, 0.25, 0.25, 0, 0.25],
"Q" : [0.452381, 0.547619],
"R" : [0.333333, 0.333333, 0.333333],
"action_symmetry_table" : [
  [6, 8],
  [3, 5]
],
"action_mode" : 0,
"trivial" : false,
"counts" : [0, 0, 0, 6, 0, 6, 4, 0, 4],
"AQs" : [0, 0, 0, 0.583333, 0, 0.583333, 0.5, 0, 0.5],
"AQs_sq" : [0, 0, 0, 0.375, 0, 0.375, 0.25, 0, 0.25],
"AV" : [0, 0, 0, 0, 0, 0, 0.5, 0.5, 0, 0, 0.5, 0.5, 0.5, 0.5, 0, 0, 0.5, 0.5],
"provably_lost" : false
}