{
"valid_actions" : "111",
"policy_target" : [5, 5, 90],
"P" : [0.333333, 0.333333, 0.333333],
"Q" : [0.77104, 0.22896],
"R" : [0.5, 0.5],
"action_symmetry_table" : [
  [2],
  [1],
  [0]
],
"action_mode" : 0,
"trivial" : false,
"counts" : [5, 5, 90],
"AQs" : [0.5, 0.5, 0.804167],
"AQs_sq" : [0.25, 0.25, 0.802083],
"AV" : [0.5, 0.5, 0.5, 0.5, 0.5, 0.5],
"provably_lost" : false
}