{
"valid_actions" : "111",
"policy_target" : [9, 8, 83],
"P" : [0.333333, 0.333333, 0.333333],
"Q" : [0.479047, 0.520953],
"R" : [0.5, 0.5],
"action_symmetry_table" : [
  [2],
  [1],
  [0]
],
"action_mode" : 0,
"trivial" : false,
"counts" : [9, 8, 83],
"AQs" : [0.333333, 0.2125, 0.520286],
"AQs_sq" : [0.166667, 0.10625, 0.510143],
"AV" : [0.5, 0.5, 0.5, 0.5, 0.5, 0.5],
"provably_lost" : false
}