{
"valid_actions" : "000101101",
"policy_target" : [0, 0, 0, 14, 0, 14, 6, 0, 6],
"P" : [0, 0, 0, 0.25, 0, 0.25, 0.25, 0, 0.25],
"Q" : [0.487805, 0.512195],
"R" : [0.333333, 0.333333, 0.333333],
"action_symmetry_table" : [
  [6, 8],
  [3, 5]
],
"action_mode" : 0,
"trivial" : false,
"counts" : [0, 0, 0, 14, 0, 14, 6, 0, 6],
"AQs" : [0, 0, 0, 0.535714, 0, 0.535714, 0.458333, 0, 0.458333],
"AQs_sq" : [0, 0, 0, 0.339286, 0, 0.339286, 0.229167, 0, 0.229167],
"AV" : [0, 0, 0, 0, 0, 0, 0.5, 0.5, 0, 0, 0.5, 0.5, 0.5, 0.5, 0, 0, 0.5, 0.5],
"provably_lost" : false
}