{
"AQs" : [0.888889, 0, 0],
"AQs_sq" : [0.838384, 0, 0],
"AV" : [0.5, 0.5, 0.5, 0.5, 0.5, 0.5],
"P" : [0.333333, 0.333333, 0.333333],
"Q" : [0.788618, 0.211382],
"R" : [0.5, 0.5],
"action_symmetry_table" : [
  [0],
  [1],
  [2]
],
"counts" : [33, 0, 0],
"policy_target" : [33, 0, 0],
"provably_lost" : false,
"trivial" : false
}