{
"AQs" : [0.5, 0, 0],
"AQs_sq" : [0.421255, 0, 0],
"AV" : [0.880797, 0.119203, 0.880797, 0.119203, 0.880797, 0.119203],
"P" : [0.333333, 0.333333, 0.333333],
"Q" : [0.489163, 0.510837],
"R" : [0.5, 0.5],
"action_symmetry_table" : [
  [0],
  [1],
  [2]
],
"counts" : [4, 0, 0],
"policy_target" : [4, 0, 0],
"provably_lost" : false,
"trivial" : false
}