{
"AQs" : [0.0298007, 0.0397343, 0.0397343],
"AQs_sq" : [0.00355233, 0.00473645, 0.00473645],
"AV" : [0.119203, 0.880797, 0.119203, 0.880797, 0.119203, 0.880797],
"P" : [0.333333, 0.333333, 0.333333],
"Q" : [0.0779644, 0.922036],
"R" : [0.5, 0.5],
"action_mode" : 0,
"action_symmetry_table" : [
  [2],
  [1],
  [0]
],
"counts" : [4, 3, 3],
"policy_target" : [4, 3, 3],
"provably_lost" : true,
"trivial" : false,
"valid_actions" : "111"
}