{
"AQs" : [0.5, 0.615, 0.804762],
"AQs_sq" : [0.25, 0.5575, 0.802381],
"AV" : [0.5, 0.5, 0.5, 0.5, 0.5, 0.5],
"P" : [0.333333, 0.333333, 0.333333],
"Q" : [0.756596, 0.243404],
"R" : [0.5, 0.5],
"action_mode" : 0,
"action_symmetry_table" : [
  [2],
  [1],
  [0]
],
"counts" : [5, 16, 79],
"policy_target" : [5, 16, 79],
"provably_lost" : false,
"trivial" : false,
"valid_actions" : "111"
}