{
"AQs" : [0, 0, 0, 0.538462, 0, 0.538462, 0.458333, 0, 0.46875],
"AQs_sq" : [0, 0, 0, 0.346154, 0, 0.346154, 0.229167, 0, 0.234375],
"AV" : [0, 0, 0, 0, 0, 0, 0.5, 0.5, 0, 0, 0.5, 0.5, 0.5, 0.5, 0, 0, 0.5, 0.5],
"P" : [0, 0, 0, 0.25, 0, 0.25, 0.25, 0, 0.25],
"Q" : [0.487805, 0.512195],
"R" : [0.333333, 0.333333, 0.333333],
"action_mode" : 0,
"action_symmetry_table" : [
  [6, 8],
  [3, 5]
],
"counts" : [0, 0, 0, 13, 0, 13, 6, 0, 8],
"policy_target" : [0, 0, 0, 13, 0, 13, 6, 0, 8],
"provably_lost" : false,
"trivial" : false,
"valid_actions" : "000101101"
}