{
"AQs" : [0.5, 0.5, 0.5, 0.5, 0.5, 0.5, 0.5],
"AQs_sq" : [0.25, 0.25, 0.25, 0.25, 0.25, 0.25, 0.25],
"AU" : [0.1, 0.1, 0.1, 0.1, 0.1, 0.1, 0.1, 0.1, 0.1, 0.1, 0.1, 0.1, 0.1, 0.1],
"AV" : [0.5, 0.5, 0.5, 0.5, 0.5, 0.5, 0.5, 0.5, 0.5, 0.5, 0.5, 0.5, 0.5, 0.5],
"P" : [0.142857, 0.142857, 0.142857, 0.142857, 0.142857, 0.142857, 0.142857],
"Q" : [0.5, 0.5],
"R" : [0.333333, 0.333333, 0.333333],
"W" : [0.1, 0.1],
"action_symmetry_table" : [
  [0, 6],
  [1, 5],
  [2, 4],
  [3]
],
"counts" : [2, 2, 2, 1, 1, 1, 1],
"policy_target" : [2, 2, 2, 1, 1, 1, 1],
"provably_lost" : false,
"trivial" : false
}