{
"AQs" : [0.0882353, 0.0769231, 0.05],
"AQs_sq" : [0.0441176, 0.0384615, 0.025],
"AV" : [0.5, 0.5, 0.5, 0.5, 0.5, 0.5],
"P" : [0.333333, 0.333333, 0.333333],
"Q" : [0.0853659, 0.914634],
"R" : [0.5, 0.5],
"action_mode" : 0,
"action_symmetry_table" : [
  [2],
  [1],
  [0]
],
"counts" : [17, 13, 10],
"policy_target" : [17, 13, 10],
"provably_lost" : true,
"trivial" : false,
"valid_actions" : "111"
}