{
"valid_actions" : "111",
"policy_target" : [33, 0, 0],
"P" : [0.333333, 0.333333, 0.333333],
"Q" : [0.788618, 0.211382],
"R" : [0.5, 0.5],
"action_symmetry_table" : [
  [2],
  [1],
  [0]
],
"action_mode" : 0,
"trivial" : false,
"counts" : [33, 0, 0],
"AQs" : [0.888889, 0, 0],
"AQs_sq" : [0.838384, 0, 0],
"AV" : [0.5, 0.5, 0.5, 0.5, 0.5, 0.5],
"provably_lost" : false
}