{
"valid_actions" : "111",
"policy_target" : [5, 3, 2],
"P" : [0.333333, 0.333333, 0.333333],
"Q" : [0.318182, 0.681818],
"R" : [0.5, 0.5],
"action_symmetry_table" : [
  [2],
  [1],
  [0]
],
"action_mode" : 0,
"trivial" : false,
"provably_lost" : true,
"counts" : [5, 3, 2],
"AQs" : [0.3, 0.333333, 0.25],
"AQs_sq" : [0.15, 0.166667, 0.125],
"AV" : [0.5, 0.5, 0.5, 0.5, 0.5, 0.5]
}