{
"valid_actions" : "111",
"counts" : [4, 3, 3],
"policy_target" : [4, 3, 3],
"policy_prior" : [0.333333, 0.333333, 0.333333],
"Q" : [0.220199, 0.293599, 0.293599],
"Q_sq" : [0.193951, 0.258601, 0.258601],
"action_values" : [0.880797, 0.119203, 0.880797, 0.119203, 0.880797, 0.119203],
"win_rates" : [0.285672, 0.714328],
"value_prior" : [0.5, 0.5],
"action_symmetry_table" : [
  [2],
  [1],
  [0]
],
"trivial" : false,
"provably_lost" : true
}