{
"valid_actions" : "111",
"counts" : [4, 4, 2],
"policy_target" : [4, 4, 2],
"policy_prior" : [0.333333, 0.333333, 0.333333],
"Q" : [0.25, 0.25, 0.0596015],
"Q_sq" : [0.197503, 0.197503, 0.00710467],
"action_values" : [0.119203, 0.880797, 0.119203, 0.880797, 0.119203, 0.880797],
"win_rates" : [0.238109, 0.761891],
"value_prior" : [0.5, 0.5],
"action_symmetry_table" : [
  [2],
  [1],
  [0]
],
"trivial" : false,
"provably_lost" : true
}