{
"valid_actions" : "111",
"counts" : [76, 16, 0],
"policy_target" : [76, 16, 0],
"policy_prior" : [0.333333, 0.333333, 0.333333],
"Q" : [0.195076, 0.099537, 0],
"Q_sq" : [0.111932, 0.0630177, 0],
"action_values" : [0.5, 0.5, 0.5, 0.5, 0.5, 0.5],
"win_rates" : [0.814868, 0.185132],
"value_prior" : [0.5, 0.5],
"action_symmetry_table" : [
  [2],
  [1],
  [0]
],
"trivial" : false,
"provably_lost" : false
}