{
"valid_actions" : "111",
"counts" : [9, 8, 83],
"policy_target" : [9, 8, 83],
"policy_prior" : [0.333333, 0.333333, 0.333333],
"Q" : [0.333333, 0.2125, 0.520286],
"Q_sq" : [0.166667, 0.10625, 0.510143],
"action_values" : [0.5, 0.5, 0.5],
"win_rates" : [0.479047, 0.520953],
"value_prior" : [0.5, 0.5],
"action_symmetry_table" : [
  [2],
  [1],
  [0]
],
"trivial" : false,
"provably_lost" : false
}