{
"valid_actions" : "111",
"counts" : [6, 18, 76],
"policy_target" : [6, 18, 76],
"policy_prior" : [0.333333, 0.333333, 0.333333],
"Q" : [0.5, 0.6, 0.807692],
"Q_sq" : [0.25, 0.55, 0.803846],
"action_values" : [0.5, 0.5, 0.5, 0.5, 0.5, 0.5],
"win_rates" : [0.749353, 0.250647],
"value_prior" : [0.5, 0.5],
"action_symmetry_table" : [
  [2],
  [1],
  [0]
],
"trivial" : false,
"provably_lost" : false
}