{
"AQs" : [0.196494, 0.113346, 0],
"AQs_sq" : [0.108638, 0.0635577, 0],
"AV" : [0.5, 0.5, 0.5, 0.5, 0.5, 0.5],
"P" : [0.333333, 0.333333, 0.333333],
"Q" : [0.811578, 0.188421],
"R" : [0.5, 0.5],
"action_mode" : 0,
"action_symmetry_table" : [
  [2],
  [1],
  [0]
],
"counts" : [75, 17, 0],
"policy_target" : [75, 17, 0],
"provably_lost" : false,
"trivial" : false,
"valid_actions" : "111"
}