{
"valid_actions" : "101101000",
"counts" : [0, 0, 0, 15, 0, 11, 10, 0, 6],
"policy_target" : [0, 0, 0, 15, 0, 11, 10, 0, 6],
"policy_prior" : [0, 0, 0, 0.232292, 0, 0.19027, 0.35527, 0, 0.222169],
"Q" : [0, 0, 0, 0.433039, 0, 0.433039, 0.483849, 0, 0.483849],
"Q_sq" : [0, 0, 0, 0.286894, 0, 0.286894, 0.241323, 0, 0.241323],
"action_values" : [0, 0, 0, 0.401222, 0, 0.401222, 0.398682, 0, 0.398682],
"win_rates" : [0.544233, 0.455767],
"value_prior" : [0.163528, 0.3583, 0.478172],
"action_symmetry_table" : [
  [6, 8],
  [3, 5]
],
"trivial" : false,
"provably_lost" : false
}