{
"valid_actions" : "000101101",
"counts" : [0, 0, 0, 14, 0, 12, 9, 0, 7],
"policy_target" : [0, 0, 0, 14, 0, 12, 9, 0, 7],
"policy_prior" : [0, 0, 0, 0.226877, 0, 0.213271, 0.311451, 0, 0.248401],
"Q" : [0, 0, 0, 0.499749, 0, 0.499749, 0.493555, 0, 0.493555],
"Q_sq" : [0, 0, 0, 0.325321, 0, 0.325321, 0.25063, 0, 0.25063],
"action_values" : [0, 0, 0, 0.401222, 0, 0.401222, 0.398682, 0, 0.398682],
"win_rates" : [0.500386, 0.499614],
"value_prior" : [0.161, 0.347082, 0.491918],
"action_symmetry_table" : [
  [6, 8],
  [3, 5]
],
"trivial" : false,
"provably_lost" : false
}