{
"valid_actions" : "000101101",
"counts" : [0, 0, 0, 8, 0, 6, 12, 0, 14],
"policy_target" : [0, 0, 0, 8, 0, 6, 12, 0, 14],
"policy_prior" : [0, 0, 0, 0.243872, 0, 0.168005, 0.287516, 0, 0.300607],
"Q" : [0, 0, 0, 0.529037, 0, 0.529037, 0.469598, 0, 0.469598],
"Q_sq" : [0, 0, 0, 0.326203, 0, 0.326203, 0.237762, 0, 0.237762],
"action_values" : [0, 0.52125, 0, 0, 0.47875, 0, 0, 0.52125, 0.47875, 0.52125, 0, 0, 0.47875, 0, 0, 0.52125, 0.47875, 0],
"win_rates" : [0.509883, 0.490117],
"value_prior" : [0.285937, 0.243437, 0.470626],
"action_symmetry_table" : [
  [6, 8],
  [3, 5]
],
"trivial" : false,
"provably_lost" : false
}