{
"valid_actions" : "101101000",
"counts" : [0, 0, 0, 19, 0, 13, 5, 0, 6],
"policy_target" : [0, 0, 0, 19, 0, 13, 5, 0, 6],
"policy_prior" : [0, 0, 0, 0.269687, 0, 0.21842, 0.237236, 0, 0.274658],
"Q" : [0, 0, 0, 0.526316, 0, 0.526316, 0.5, 0, 0.5],
"Q_sq" : [0, 0, 0, 0.407544, 0, 0.407544, 0.290555, 0, 0.290555],
"action_values" : [0, 0, 0, 0.701382, 0, 0.701382, 0.701382, 0, 0.701382],
"win_rates" : [0.485438, 0.514562],
"value_prior" : [0.596237, 0.193473, 0.21029],
"action_symmetry_table" : [
  [6, 8],
  [3, 5]
],
"trivial" : false,
"provably_lost" : false
}