{
"valid_actions" : "101101000",
"counts" : [0, 0, 0, 13, 0, 17, 7, 0, 5],
"policy_target" : [0, 0, 0, 13, 0, 17, 7, 0, 5],
"policy_prior" : [0, 0, 0, 0.232624, 0, 0.30343, 0.246529, 0, 0.217417],
"Q" : [0, 0, 0, 0.558864, 0, 0.558864, 0.462764, 0, 0.462764],
"Q_sq" : [0, 0, 0, 0.373793, 0, 0.373793, 0.245082, 0, 0.245082],
"action_values" : [0, 0, 0, 0.368598, 0, 0.368598, 0.388671, 0, 0.388671],
"win_rates" : [0.466291, 0.533709],
"value_prior" : [0.172725, 0.433482, 0.393792],
"action_symmetry_table" : [
  [6, 8],
  [3, 5]
],
"trivial" : false,
"provably_lost" : false
}