{
"AQs" : [0.5, 0.6, 0.807692],
"AQs_sq" : [0.25, 0.55, 0.803846],
"AV" : [0.5, 0.5, 0.5, 0.5, 0.5, 0.5],
"P" : [0.333333, 0.333333, 0.333333],
"Q" : [0.749353, 0.250647],
"R" : [0.5, 0.5],
"action_mode" : 0,
"action_symmetry_table" : [
  [2],
  [1],
  [0]
],
"counts" : [6, 18, 76],
"policy_target" : [6, 18, 76],
"provably_lost" : false,
"trivial" : false,
"valid_actions" : "111"
}