{
"valid_actions" : "111",
"policy_target" : [74, 16, 0],
"P" : [0.333333, 0.333333, 0.333333],
"Q" : [0.750371, 0.249629],
"R" : [0.5, 0.5],
"action_symmetry_table" : [
  [2],
  [1],
  [0]
],
"action_mode" : 0,
"trivial" : false,
"provably_lost" : false,
"counts" : [74, 16, 0],
"AQs" : [0.26875, 0.185491, 0],
"AQs_sq" : [0.134375, 0.0927455, 0],
"AV" : [0.5, 0.5, 0.5, 0.5, 0.5, 0.5]
}