{
"AQs" : [0.321429, 0.241667, 0.522917],
"AQs_sq" : [0.160714, 0.120833, 0.511458],
"AV" : [0.5, 0.5, 0.5, 0.5, 0.5, 0.5],
"P" : [0.333333, 0.333333, 0.333333],
"Q" : [0.477679, 0.522321],
"R" : [0.5, 0.5],
"action_mode" : 0,
"action_symmetry_table" : [
  [2],
  [1],
  [0]
],
"counts" : [10, 9, 81],
"policy_target" : [10, 9, 81],
"provably_lost" : false,
"trivial" : false,
"valid_actions" : "111"
}