{
"AQs" : [0, 0, 0, 0.543437, 0, 0.545208, 0.505903, 0, 0.505312],
"AQs_sq" : [0, 0, 0, 0.356201, 0, 0.358009, 0.256329, 0, 0.255764],
"AV" : [0, 0, 0, 0, 0, 0, 0.47875, 0.52125, 0, 0, 0.47875, 0.52125, 0.47875, 0.52125, 0, 0, 0.47875, 0.52125],
"P" : [0, 0, 0, 0.196201, 0, 0.221629, 0.299567, 0, 0.282602],
"Q" : [0.472902, 0.527098],
"R" : [0.285937, 0.243437, 0.470626],
"action_mode" : 0,
"action_symmetry_table" : [
  [8],
  [6],
  [5],
  [3]
],
"counts" : [0, 0, 0, 12, 0, 12, 9, 0, 8],
"policy_target" : [0, 0, 0, 12, 0, 12, 9, 0, 8],
"provably_lost" : false,
"trivial" : false,
"valid_actions" : "000101101"
}