{
"valid_actions" : "000101101",
"policy_target" : [0, 0, 0, 18, 0, 11, 7, 0, 7],
"P" : [0, 0, 0, 0.243872, 0, 0.168005, 0.287516, 0, 0.300607],
"Q" : [0.481209, 0.518791],
"R" : [0.285937, 0.243437, 0.470626],
"action_symmetry_table" : [
  [6, 8],
  [3, 5]
],
"action_mode" : 0,
"trivial" : false,
"provably_lost" : false,
"counts" : [0, 0, 0, 18, 0, 11, 7, 0, 7],
"AQs" : [0, 0, 0, 0.527778, 0, 0.527778, 0.503036, 0, 0.503036],
"AQs_sq" : [0, 0, 0, 0.402928, 0, 0.402928, 0.253487, 0, 0.253487],
"AV" : [0, 0, 0, 0, 0, 0, 0.47875, 0.52125, 0, 0, 0.47875, 0.52125, 0.47875, 0.52125, 0, 0, 0.47875, 0.52125]
}