{
"AQs" : [0, 0, 0, 0.535714, 0, 0.538461, 0.464286, 0, 0.458333],
"AQs_sq" : [0, 0, 0, 0.339286, 0, 0.346154, 0.232143, 0, 0.229167],
"AV" : [0, 0, 0, 0, 0, 0, 0.5, 0.5, 0, 0, 0.5, 0.5, 0.5, 0.5, 0, 0, 0.5, 0.5],
"P" : [0, 0, 0, 0.25, 0, 0.25, 0.25, 0, 0.25],
"Q" : [0.487805, 0.512195],
"R" : [0.333333, 0.333333, 0.333333],
"action_mode" : 0,
"action_symmetry_table" : [
  [8],
  [6],
  [5],
  [3]
],
"counts" : [0, 0, 0, 14, 0, 13, 7, 0, 6],
"policy_target" : [0, 0, 0, 14, 0, 13, 7, 0, 6],
"provably_lost" : false,
"trivial" : false,
"valid_actions" : "000101101"
}