{
"valid_actions" : "000101101",
"counts" : [0, 0, 0, 18, 0, 11, 7, 0, 7],
"policy_target" : [0, 0, 0, 18, 0, 11, 7, 0, 7],
"policy_prior" : [0, 0, 0, 0.243872, 0, 0.168005, 0.287516, 0, 0.300607],
"Q" : [0, 0, 0, 0.527778, 0, 0.527778, 0.503036, 0, 0.503036],
"Q_sq" : [0, 0, 0, 0.402928, 0, 0.402928, 0.253487, 0, 0.253487],
"action_values" : [0, 0, 0, 0, 0, 0, 0.47875, 0.52125, 0, 0, 0.47875, 0.52125, 0.47875, 0.52125, 0, 0, 0.47875, 0.52125],
"win_rates" : [0.481209, 0.518791],
"value_prior" : [0.285937, 0.243437, 0.470626],
"action_symmetry_table" : [
  [6, 8],
  [3, 5]
],
"trivial" : false,
"provably_lost" : false
}