{
"valid_actions" : "111",
"counts" : [1, 1, 8],
"policy_target" : [1, 1, 8],
"policy_prior" : [0.468311, 0.468311, 0.0633789],
"Q" : [0.119203, 0.119203, 0.657838],
"Q_sq" : [0.0142093, 0.0142093, 0.541342],
"action_values" : [0.119203, 0.119203, 0.5],
"win_rates" : [0.489062, 0.510938],
"value_prior" : [0.880797, 0.119203],
"action_symmetry_table" : [
  [2],
  [1],
  [0]
],
"trivial" : false,
"provably_lost" : false
}