{
"valid_actions" : "111",
"counts" : [3, 2, 5],
"policy_target" : [3, 2, 5],
"policy_prior" : [0.106507, 0.106507, 0.786986],
"Q" : [0.119203, 0.880797, 0.182669],
"Q_sq" : [0.0142093, 0.775803, 0.0535078],
"action_values" : [0.880797, 0.880797, 0.5],
"win_rates" : [0.644241, 0.355759],
"value_prior" : [0.119203, 0.880797],
"action_symmetry_table" : [
  [2],
  [1],
  [0]
],
"trivial" : false,
"provably_lost" : false
}