{
"valid_actions" : "111",
"counts" : [40, 33, 27],
"policy_target" : [40, 33, 27],
"policy_prior" : [0.333333, 0.333333, 0.333333],
"Q" : [0.0375, 0.030303, 0.0185185],
"Q_sq" : [0.01875, 0.0151515, 0.00925926],
"action_values" : [0.5, 0.5, 0.5],
"win_rates" : [0.0346535, 0.965347],
"value_prior" : [0.5, 0.5],
"action_symmetry_table" : [
    [2],
    [1],
    [0]
],
"trivial" : false,
"provably_lost" : true
}