{
"valid_actions" : "111",
"counts" : [9, 6, 85],
"policy_target" : [9, 6, 85],
"policy_prior" : [0.333333, 0.333333, 0.333333],
"Q" : [0.3125, 0.132353, 0.506098],
"Q_sq" : [0.15625, 0.0661765, 0.503049],
"action_values" : [0.5, 0.5, 0.5],
"win_rates" : [0.466583, 0.533417],
"value_prior" : [0.5, 0.5],
"action_symmetry_table" : [
  [2],
  [1],
  [0]
],
"trivial" : false,
"provably_lost" : false
}