{
"valid_actions" : "111",
"counts" : [5, 5, 0],
"policy_target" : [5, 5, 0],
"policy_prior" : [0.468311, 0.468311, 0.0633789],
"Q" : [0.5, 0.404801, 0],
"Q_sq" : [0.395006, 0.263556, 0],
"action_values" : [0.880797, 0.880797, 0],
"win_rates" : [0.57789, 0.42211],
"value_prior" : [0.880797, 0.119203],
"action_symmetry_table" : [
  [1],
  [0]
],
"trivial" : false,
"provably_lost" : false
}