{
"valid_actions" : "111",
"counts" : [1, 1, 8],
"policy_target" : [1, 1, 8],
"policy_prior" : [0.106507, 0.106507, 0.786986],
"Q" : [0.119203, 0.119203, 0.43212],
"Q_sq" : [0.0142093, 0.0142093, 0.338874],
"action_values" : [0.119203, 0.119203, 0.5],
"win_rates" : [0.583985, 0.416014],
"value_prior" : [0.119203, 0.880797],
"action_symmetry_table" : [
  [2],
  [1],
  [0]
],
"trivial" : false,
"provably_lost" : false
}