{
"valid_actions" : "111",
"counts" : [22, 10, 8],
"policy_target" : [22, 10, 8],
"policy_prior" : [0.333333, 0.333333, 0.333333],
"Q" : [0.306134, 0.163194, 0.14375],
"Q_sq" : [0.170428, 0.0815972, 0.071875],
"action_values" : [0.5, 0.5, 0.5],
"win_rates" : [0.244315, 0.684208],
"value_prior" : [0.5, 0.5],
"action_symmetry_table" : [
  [2],
  [1],
  [0]
],
"trivial" : false,
"provably_lost" : false
}