{
"valid_actions" : "111",
"counts" : [23, 10, 7],
"policy_target" : [23, 10, 7],
"policy_prior" : [0.333333, 0.333333, 0.333333],
"Q" : [0.3125, 0.193182, 0.216667],
"Q_sq" : [0.15625, 0.0965909, 0.108333],
"action_values" : [0.5, 0.5, 0.5],
"win_rates" : [0.271609, 0.728391],
"value_prior" : [0.5, 0.5],
"action_symmetry_table" : [
  [2],
  [1],
  [0]
],
"trivial" : false,
"provably_lost" : false
}