{
"valid_actions" : "111",
"counts" : [5, 5, 90],
"policy_target" : [5, 5, 90],
"policy_prior" : [0.333333, 0.333333, 0.333333],
"Q" : [0.5, 0.5, 0.805882],
"Q_sq" : [0.25, 0.25, 0.802941],
"action_values" : [0.5, 0.5, 0.5],
"win_rates" : [0.772569, 0.227432],
"value_prior" : [0.5, 0.5],
"action_symmetry_table" : [
  [2],
  [1],
  [0]
],
"trivial" : false,
"provably_lost" : false
}