{
"valid_actions" : "111",
"counts" : [48, 30, 22],
"policy_target" : [48, 30, 22],
"policy_prior" : [0.333333, 0.333333, 0.333333],
"Q" : [0.0549451, 0.0311355, 0.0119048],
"Q_sq" : [0.0274725, 0.0155678, 0.00595238],
"action_values" : [0.5, 0.5, 0.5],
"win_rates" : [0.0429043, 0.848185],
"value_prior" : [0.5, 0.5],
"action_symmetry_table" : [
  [2],
  [1],
  [0]
],
"trivial" : false,
"provably_lost" : false
}