{
"valid_actions" : "111",
"counts" : [3, 0, 7],
"policy_target" : [3, 0, 7],
"policy_prior" : [0.106507, 0.106507, 0.786986],
"Q" : [0.880797, 0, 0.5],
"Q_sq" : [0.775803, 0, 0.25],
"action_values" : [0.880797, 0, 0.5],
"win_rates" : [0.361528, 0.638472],
"value_prior" : [0.119203, 0.880797],
"action_symmetry_table" : [
  [2],
  [0]
],
"trivial" : false,
"provably_lost" : false
}