{
"valid_actions" : "111",
"counts" : [10, 7, 83],
"policy_target" : [10, 7, 83],
"policy_prior" : [0.333333, 0.333333, 0.333333],
"Q" : [0.291667, 0.143889, 0.520807],
"Q_sq" : [0.145833, 0.0719444, 0.510404],
"action_values" : [0.5, 0.5, 0.5],
"win_rates" : [0.471791, 0.528209],
"value_prior" : [0.5, 0.5],
"action_symmetry_table" : [
  [2],
  [1],
  [0]
],
"trivial" : false,
"provably_lost" : false
}