{
"valid_actions" : "101101000",
"counts" : [0, 0, 0, 36, 0, 37, 13, 0, 14],
"policy_target" : [0, 0, 0, 36, 0, 37, 13, 0, 14],
"policy_prior" : [0, 0, 0, 0.25, 0, 0.25, 0.25, 0, 0.25],
"Q" : [0, 0, 0, 0.513514, 0, 0.513514, 0.446429, 0, 0.446429],
"Q_sq" : [0, 0, 0, 0.283784, 0, 0.283784, 0.223214, 0, 0.223214],
"action_values" : [0, 0, 0, 0.5, 0, 0.5, 0.5, 0, 0.5],
"win_rates" : [0.504554, 0.495446],
"value_prior" : [0.333333, 0.333333, 0.333333],
"action_symmetry_table" : [
    [6, 8],
    [3, 5]
],
"trivial" : false,
"provably_lost" : false
}