{
"valid_actions" : "101101000",
"counts" : [0, 0, 0, 14, 0, 14, 6, 0, 6],
"policy_target" : [0, 0, 0, 14, 0, 14, 6, 0, 6],
"policy_prior" : [0, 0, 0, 0.25, 0, 0.25, 0.25, 0, 0.25],
"Q" : [0, 0, 0, 0.5, 0, 0.5, 0.416667, 0, 0.416667],
"Q_sq" : [0, 0, 0, 0.25, 0, 0.25, 0.208333, 0, 0.208333],
"action_values" : [0, 0, 0, 0.5, 0, 0.5, 0.5, 0, 0.5],
"win_rates" : [0.52439, 0.47561],
"value_prior" : [0.333333, 0.333333, 0.333333],
"action_symmetry_table" : [
  [6, 8],
  [3, 5]
],
"trivial" : false,
"provably_lost" : false
}