{
"valid_actions" : "111111111",
"counts" : [3, 3, 2, 2, 2, 2, 2, 2, 2],
"policy_target" : [3, 3, 2, 2, 2, 2, 2, 2, 2],
"policy_prior" : [0.111111, 0.111111, 0.111111, 0.111111, 0.111111, 0.111111, 0.111111, 0.111111, 0.111111],
"Q" : [0.5, 0.5, 0.5, 0.5, 0.5, 0.5, 0.5, 0.5, 0.5],
"Q_sq" : [0.25, 0.25, 0.25, 0.25, 0.25, 0.25, 0.25, 0.25, 0.25],
"action_values" : [0.5, 0.5, 0.5, 0.5, 0.5, 0.5, 0.5, 0.5, 0.5],
"win_rates" : [0.5, 0.5],
"value_prior" : [0.333333, 0.333333, 0.333333],
"action_symmetry_table" : [
  [4],
  [1, 3, 5, 7],
  [0, 2, 6, 8]
],
"trivial" : false,
"provably_lost" : false
}