{
"valid_actions" : "101101000",
"counts" : [0, 0, 0, 447, 0, 447, 353, 0, 353],
"policy_target" : [0, 0, 0, 447, 0, 447, 353, 0, 353],
"policy_prior" : [0, 0, 0, 0.25, 0, 0.25, 0.25, 0, 0.25],
"Q" : [0, 0, 0, 0.501119, 0, 0.501119, 0.497875, 0, 0.497875],
"Q_sq" : [0, 0, 0, 0.252796, 0, 0.252796, 0.248938, 0, 0.248938],
"action_values" : [0, 0, 0, 0.5, 0, 0.5, 0.5, 0, 0.5],
"win_rates" : [0.500312, 0.499688],
"value_prior" : [0.333333, 0.333333, 0.333333],
"action_symmetry_table" : [
    [6, 8],
    [3, 5]
],
"trivial" : false,
"provably_lost" : false
}