{
"AQs" : [0.5, 0.5, 0.5, 0.5, 0.5, 0.5, 0.5, 0.5, 0.5],
"AQs_sq" : [0.25, 0.25, 0.25, 0.25, 0.25, 0.25, 0.25, 0.25, 0.25],
"AV" : [0.5, 0.5, 0.5, 0.5, 0.5, 0.5, 0.5, 0.5, 0.5, 0.5, 0.5, 0.5, 0.5, 0.5, 0.5, 0.5, 0.5, 0.5],
"P" : [0.111111, 0.111111, 0.111111, 0.111111, 0.111111, 0.111111, 0.111111, 0.111111, 0.111111],
"Q" : [0.5, 0.5],
"R" : [0.333333, 0.333333, 0.333333],
"action_mode" : 0,
"action_symmetry_table" : [
  [4],
  [1, 3, 5, 7],
  [0, 2, 6, 8]
],
"counts" : [3, 3, 2, 2, 2, 2, 2, 2, 2],
"policy_target" : [3, 3, 2, 2, 2, 2, 2, 2, 2],
"provably_lost" : false,
"trivial" : false,
"valid_actions" : "111111111"
}